,City,Country,Lat,Lon,Max Temp,Humidity,Cloudiness,Wind Speed,Current Description
0,Dikson,RU,73.5069,80.5464,0.9,84,100,5.2,overcast clouds
1,Mar Del Plata,AR,-38.0023,-57.5575,8.4,57,75,0.45,moderate rain
2,Porto Belo,BR,-27.1578,-48.5531,20.91,87,100,8.34,overcast clouds
3,Upata,VE,8.0086,-62.3989,26.22,70,80,3.17,broken clouds
4,Husavik,IS,66.0449,-17.3389,11.95,69,100,1.59,overcast clouds
5,Mahibadhoo,MV,3.7833,72.9667,27.21,75,100,2.98,overcast clouds
6,Saldanha,ZA,-33.0117,17.9442,13.03,84,100,7.82,overcast clouds
7,Kongolo,CD,-5.3833,27.0,22.83,39,61,1.51,broken clouds
8,Bredasdorp,ZA,-34.5322,20.0403,13.62,54,23,5.14,few clouds
9,Havre-Saint-Pierre,CA,50.2334,-63.5986,17.2,94,90,0.0,overcast clouds
10,Rawson,AR,-43.3002,-65.1023,7.08,62,54,2.9,broken clouds
11,Karasburg,NA,-28.0167,18.75,13.24,23,2,4.12,clear sky
12,Bagan,RU,54.1001,77.6646,17.4,72,100,1.83,overcast clouds
13,Vila Franca Do Campo,PT,37.7167,-25.4333,21.23,97,70,5.09,broken clouds
14,Qaanaaq,GL,77.484,-69.3632,3.79,89,100,1.02,overcast clouds
15,Hermanus,ZA,-34.4187,19.2345,13.83,78,41,8.79,scattered clouds
16,Victoria,HK,22.2855,114.1577,30.21,89,100,0.89,light rain
17,Saint-Philippe,RE,-21.3585,55.7679,21.77,84,37,5.2,light rain
18,Georgetown,MY,5.4112,100.3354,26.64,90,20,1.54,few clouds
19,Bulnes,CL,-36.7423,-72.2985,10.42,59,0,2.46,clear sky
20,Virginia Beach,US,36.8529,-75.978,32.27,69,40,5.14,scattered clouds
21,Nuuk,GL,64.1835,-51.7216,9.34,87,75,14.92,light snow
22,Chuy,UY,-33.6971,-53.4616,7.91,79,69,6.57,broken clouds
23,Strezhevoy,RU,60.7333,77.5889,13.99,66,46,1.44,scattered clouds
24,Shache,CN,38.4167,77.2406,26.14,21,79,1.51,broken clouds
25,Tessalit,ML,20.1986,1.0114,36.89,8,4,5.17,clear sky
26,Tasiilaq,GL,65.6145,-37.6368,10.09,71,86,0.53,overcast clouds
27,Caucel,MX,21.0167,-89.7167,30.04,62,75,5.66,broken clouds
28,Nanortalik,GL,60.1432,-45.2371,9.36,87,100,5.39,overcast clouds
29,Tshikapa,CD,-6.4167,20.8,23.24,33,13,1.41,few clouds
30,Jamestown,US,42.097,-79.2353,30.72,51,40,6.69,scattered clouds
31,Busselton,AU,-33.65,115.3333,12.83,80,16,5.11,few clouds
32,Dingle,PH,10.9995,122.6711,25.0,89,98,1.44,overcast clouds
33,Novouzensk,RU,50.4592,48.1431,24.09,66,86,1.3,overcast clouds
34,Batticaloa,LK,7.7102,81.6924,26.8,71,100,1.82,overcast clouds
35,Wad Madani,SD,14.4012,33.5199,35.27,29,83,5.28,broken clouds
36,Klaksvik,FO,62.2266,-6.589,9.51,86,84,1.7,broken clouds
37,Cidreira,BR,-30.1811,-50.2056,11.82,92,100,6.71,light rain
38,Janakkala,FI,60.9,24.6,19.02,82,93,3.09,overcast clouds
39,Ust-Tsilma,RU,65.441,52.1498,9.46,69,58,1.78,broken clouds
40,Hit,IQ,33.6416,42.8251,36.85,15,0,9.47,clear sky
41,Hithadhoo,MV,-0.6,73.0833,27.71,75,100,2.97,overcast clouds
42,Lasa,IT,46.6166,10.7002,20.49,91,68,0.88,broken clouds
43,Kazanskaya,RU,45.4106,40.4361,20.78,90,2,3.22,clear sky
44,Novopskov,UA,49.5464,39.0899,21.04,82,48,3.37,scattered clouds
45,Bud,US,39.447,-86.1758,29.03,86,25,5.69,scattered clouds
46,Qostanay,KZ,53.1667,63.5833,17.19,82,8,2.64,clear sky
47,Sinnamary,GF,5.3833,-52.95,26.44,82,13,3.08,few clouds
48,Ushuaia,AR,-54.8,-68.3,8.81,53,75,5.66,broken clouds
49,Olafsvik,IS,64.8945,-23.7142,9.68,95,100,2.93,overcast clouds
50,Sao Joao Da Barra,BR,-21.6403,-41.0511,22.05,77,0,7.75,clear sky
51,Pisco,PE,-13.7,-76.2167,18.9,77,0,4.12,clear sky
52,Clyde River,CA,70.4692,-68.5914,2.13,93,90,8.23,light rain
53,Arraial Do Cabo,BR,-22.9661,-42.0278,22.98,68,0,5.66,clear sky
54,Abu Dhabi,AE,24.4667,54.3667,38.01,25,4,4.63,dust
55,Nandikotkur,IN,15.8667,78.2667,26.34,74,100,4.98,overcast clouds
56,East London,ZA,-33.0153,27.9116,19.05,27,43,4.58,scattered clouds
57,Coquimbo,CL,-29.9533,-71.3436,13.85,71,0,5.14,clear sky
58,Poptun,GT,16.3311,-89.4169,29.67,54,100,1.15,overcast clouds
59,Derzhavinsk,KZ,51.1,66.3167,21.63,65,8,3.26,clear sky
60,Mancio Lima,BR,-7.6142,-72.8958,32.04,62,20,2.57,few clouds
61,Port Alfred,ZA,-33.5906,26.891,18.2,29,4,5.25,clear sky
62,Tombouctou,ML,20.0,-3.0,37.28,8,3,3.67,clear sky
63,Antalaha,MG,-14.9003,50.2788,19.15,86,6,3.22,clear sky
64,Turukhansk,RU,65.8167,87.9833,6.93,98,100,3.93,light rain
65,Floro,NO,61.5996,5.0328,13.04,87,90,3.6,overcast clouds
66,Jalu,LY,29.0331,21.5482,32.81,21,0,7.01,clear sky
67,Chesterton,US,41.6106,-87.0642,29.91,71,40,5.66,scattered clouds
68,Beloha,MG,-25.1667,45.05,17.07,94,0,2.42,clear sky
69,Ponta Do Sol,PT,32.6667,-17.1,20.35,68,0,1.71,clear sky
70,Tucurui,BR,-3.7661,-49.6725,27.1,70,58,0.95,broken clouds
71,Castro,BR,-24.7911,-50.0119,16.08,72,100,1.99,overcast clouds
72,Punta Arenas,CL,-53.15,-70.9167,8.06,66,75,5.66,broken clouds
73,Sarkand,KZ,45.41,79.9186,14.33,26,42,2.79,scattered clouds
74,Oistins,BB,13.0667,-59.5333,29.05,61,40,7.72,scattered clouds
75,Pitimbu,BR,-7.4706,-34.8086,22.33,82,77,7.33,broken clouds
76,Ribeira Grande,PT,38.5167,-28.7,20.96,77,20,1.96,few clouds
77,Tornio,FI,65.8481,24.1466,13.01,83,15,2.43,few clouds
78,Parry Sound,CA,45.3501,-80.033,26.03,69,43,4.41,scattered clouds
79,Den Helder,NL,52.9599,4.7593,18.9,84,75,4.47,broken clouds
80,Saint George,US,37.1041,-113.5841,39.68,16,1,0.89,clear sky
81,The Valley,AI,18.217,-63.0578,28.92,78,40,6.69,scattered clouds
82,Longyearbyen,SJ,78.2186,15.6401,5.91,65,0,4.63,clear sky
83,Novo Aripuana,BR,-5.1206,-60.3797,28.63,68,70,0.97,broken clouds
84,Luderitz,NA,-26.6481,15.1594,13.37,72,12,3.29,few clouds
85,Ginir,ET,7.1333,40.7,13.78,83,63,2.84,broken clouds
86,Renfrew,GB,55.872,-4.3925,17.76,70,99,1.03,overcast clouds
87,Mosalsk,RU,54.4881,34.9817,18.2,95,99,3.46,moderate rain
88,Paranagua,BR,-25.52,-48.5092,25.83,68,33,1.37,scattered clouds
89,George Town,MY,5.4112,100.3354,26.64,90,20,1.54,few clouds
90,Shelburne,CA,44.0787,-80.2041,29.25,63,35,7.71,scattered clouds
91,Mahebourg,MU,-20.4081,57.7,22.92,78,40,3.09,scattered clouds
92,Port Elizabeth,ZA,-33.918,25.5701,10.16,81,1,1.54,clear sky
93,Rio Das Pedras,BR,-22.8433,-47.6061,23.26,34,4,1.98,clear sky
94,Cape Town,ZA,-33.9258,18.4232,13.95,86,75,2.24,light rain
95,Salalah,OM,17.0151,54.0924,27.05,89,75,2.57,broken clouds
96,Asosa,ET,10.0667,34.5333,16.02,93,96,2.38,light rain
97,Inongo,CD,-1.95,18.2667,23.14,68,73,2.59,broken clouds
98,Rundu,NA,-17.9333,19.7667,14.24,32,0,1.92,clear sky
99,Stockton-On-Tees,GB,54.5685,-1.3187,15.67,83,40,2.57,scattered clouds
100,Taucha,DE,51.3833,12.4833,20.48,68,0,1.03,clear sky
101,Fomboni,KM,-12.28,43.7425,25.3,72,70,3.65,broken clouds
102,Dalbandin,PK,28.8947,64.4101,29.18,24,2,2.8,clear sky
103,Kokstad,ZA,-30.5472,29.4241,8.68,25,11,2.98,few clouds
104,Saint-Augustin,CA,51.226,-58.6502,13.71,96,100,2.71,overcast clouds
105,Nagua,DO,19.3832,-69.8474,28.03,78,40,0.0,scattered clouds
106,Basoko,CD,1.2391,23.616,24.98,66,85,0.44,overcast clouds
107,Vila Velha,BR,-20.3297,-40.2925,21.97,78,20,3.09,few clouds
108,Kedougou,SN,12.5579,-12.1743,29.32,70,0,1.03,light rain
109,Upernavik,GL,72.7868,-56.1549,4.04,82,97,3.51,overcast clouds
110,Touros,BR,-5.1989,-35.4608,26.5,77,96,8.53,overcast clouds
111,Bibbiena,IT,43.6965,11.8135,23.06,61,33,0.96,scattered clouds
112,Rondonopolis,BR,-16.4708,-54.6356,29.96,31,4,3.19,clear sky
113,Torzhok,RU,57.0436,34.9622,18.75,97,100,1.48,overcast clouds
114,Enterprise,US,36.0252,-115.2419,41.66,13,20,2.24,few clouds
115,Waddan,LY,29.1614,16.139,33.85,17,1,6.53,clear sky
116,Aksay,RU,47.26,39.87,22.36,75,68,3.13,broken clouds
117,Hamilton,US,39.1834,-84.5333,33.14,69,20,4.63,few clouds
118,Hauterive,FR,46.0901,3.4459,18.88,99,91,1.98,light rain
119,Jaguaruna,BR,-28.615,-49.0256,14.93,94,100,5.0,heavy intensity rain
120,Cumana,VE,10.4635,-64.1775,30.05,75,75,6.58,broken clouds
121,Tarko-Sale,RU,64.9225,77.785,9.37,54,71,2.28,broken clouds
122,Cheremukhovo,RU,60.3484,59.9851,18.25,67,70,1.52,broken clouds
123,Nadym,RU,65.5333,72.5167,11.52,57,95,2.31,overcast clouds
124,Khash,IR,28.2211,61.2158,25.54,43,0,1.83,clear sky
125,Ubinskoye,RU,55.3068,79.6802,14.48,96,100,2.51,light rain
126,Luena,AO,-11.7833,19.9167,13.01,44,79,1.7,broken clouds
127,Edd,ER,13.9297,41.6925,32.47,54,56,1.99,broken clouds
128,Grand Gaube,MU,-20.0064,57.6608,22.99,77,5,2.24,clear sky
129,La Ligua,CL,-32.4524,-71.2311,14.88,52,0,0.84,clear sky
130,Teseney,ER,15.11,36.6575,30.01,51,100,4.18,overcast clouds
131,San Cristobal,VE,7.7669,-72.225,21.1,95,95,1.45,overcast clouds
132,Zheleznodorozhnyy,RU,55.7503,38.0042,23.53,89,61,2.73,broken clouds
133,Los Llanos De Aridane,ES,28.6585,-17.9182,19.86,91,75,8.23,broken clouds
134,Baracoa,CU,20.3467,-74.4958,27.61,79,68,2.41,broken clouds
135,Praia Da Vitoria,PT,38.7333,-27.0667,21.53,100,40,4.09,scattered clouds
136,Pueblo Bello,CO,8.2041,-76.526,28.28,84,96,1.08,overcast clouds
137,Conceicao Do Araguaia,BR,-8.2578,-49.2647,30.07,45,0,1.54,clear sky
138,Cockburn Town,TC,21.4612,-71.1419,27.58,77,7,6.08,clear sky
139,Dudinka,RU,69.4058,86.1778,9.58,70,40,5.91,scattered clouds
140,Padang,ID,-0.9492,100.3543,24.03,87,70,1.47,broken clouds
141,Japura,ID,-0.3167,102.35,23.07,93,92,0.76,overcast clouds
142,Jimma,ET,7.6667,36.8333,14.41,95,66,0.81,light rain
143,Magugu,TZ,-4.0167,35.7667,14.66,77,48,0.81,scattered clouds
144,Hun,LY,29.1268,15.9477,32.88,18,1,4.9,clear sky
145,General Roca,AR,-39.0333,-67.5833,8.22,48,4,2.67,clear sky
146,Ipora,BR,-16.4419,-51.1178,21.04,28,0,0.93,clear sky
147,Stokmarknes,NO,68.5646,14.9108,11.94,85,74,7.88,broken clouds
148,Saint-Pierre,RE,-21.3393,55.4781,21.82,76,90,1.03,overcast clouds
149,Kalat,PK,29.0225,66.5916,18.86,53,0,2.04,clear sky
150,Yarada,IN,17.65,83.2667,27.18,94,90,5.66,overcast clouds
151,Salinopolis,BR,-0.6136,-47.3561,26.0,82,13,3.18,few clouds
152,Teodoro Sampaio,BR,-22.5325,-52.1675,20.06,74,50,5.46,scattered clouds
153,Lincoln,US,40.8,-96.667,30.07,59,40,0.89,scattered clouds
154,Gidole,ET,5.65,37.3667,15.42,59,94,1.81,overcast clouds
155,Gaborone,BW,-24.6545,25.9086,10.95,30,0,2.57,clear sky
156,Dubai,AE,25.2582,55.3047,36.16,34,0,3.6,clear sky
157,Sarila,IN,25.7667,79.6833,33.11,52,20,3.12,few clouds
158,Rize,TR,40.9044,40.8949,11.45,89,52,0.78,broken clouds
159,Kutum,SD,14.2,24.6667,25.62,51,99,3.94,overcast clouds
160,Brae,GB,60.3964,-1.353,9.95,91,63,4.3,broken clouds
161,Opuwo,NA,-18.0607,13.84,13.8,34,3,0.61,clear sky
162,Ilulissat,GL,69.2167,-51.1,8.01,76,75,3.09,broken clouds
163,Sinop,TR,41.7711,34.8709,18.04,78,4,1.82,clear sky
164,Plettenberg Bay,ZA,-34.0527,23.3716,15.34,49,0,3.57,clear sky
165,Piacabucu,BR,-10.4056,-36.4344,22.58,78,42,3.76,scattered clouds
166,Jijiga,ET,9.35,42.8,18.56,68,69,5.16,broken clouds
167,Iqaluit,CA,63.7506,-68.5145,5.85,70,75,6.69,broken clouds
168,Verkhnyaya Inta,RU,65.9811,60.3094,5.85,77,31,2.48,scattered clouds
169,Codrington,AU,-38.2667,141.9667,5.72,91,1,3.13,clear sky
170,Vestmanna,FO,62.1564,-7.1664,8.51,100,90,2.57,overcast clouds
171,Butterworth,MY,5.3991,100.3638,26.67,92,20,1.34,few clouds
172,Narsaq,GL,60.9167,-46.05,13.12,88,100,2.53,overcast clouds
173,Balykshi,KZ,47.0667,51.8667,26.0,36,0,3.0,clear sky
174,Gazojak,TM,41.1875,61.4036,30.12,24,48,2.31,scattered clouds
175,Necochea,AR,-38.5473,-58.7368,8.35,78,100,7.28,light rain
176,Kruisfontein,ZA,-34.0033,24.7314,16.06,27,0,5.49,clear sky
177,Darnah,LY,32.767,22.6367,27.79,53,0,4.95,clear sky
178,Kargil,IN,34.5667,76.1,11.11,54,2,2.2,clear sky
179,Grand Haven,US,43.0631,-86.2284,27.53,76,90,4.12,overcast clouds
180,Belem De Sao Francisco,BR,-8.7539,-38.9658,24.06,49,76,5.2,broken clouds
181,Maunabo,PR,18.0072,-65.8993,30.36,79,86,3.82,overcast clouds
182,Namibe,AO,-15.1961,12.1522,20.06,64,45,3.15,scattered clouds
183,Mbanza-Ngungu,CD,-5.25,14.8667,21.81,70,41,2.27,scattered clouds
184,Aksarka,RU,66.5606,67.7975,7.05,79,81,5.37,broken clouds
185,Boddam,GB,57.4667,-1.7833,13.55,85,100,2.25,overcast clouds
186,Turbat,PK,26.0023,63.044,27.09,77,32,2.83,scattered clouds
187,Maceio,BR,-9.6658,-35.7353,22.69,83,75,5.66,broken clouds
188,Rio Gallegos,AR,-51.6226,-69.2181,4.03,60,0,1.03,clear sky
189,Bambous Virieux,MU,-20.3428,57.7575,22.9,78,40,3.09,scattered clouds
190,Chaumont,FR,48.1167,5.1333,18.16,95,97,1.49,overcast clouds
191,Yacuiba,BO,-22.038,-63.6797,7.8,69,100,2.34,overcast clouds
192,Souillac,MU,-20.5167,57.5167,22.98,78,40,3.09,scattered clouds
193,Santa Cruz,BO,-17.8,-63.1667,11.7,87,75,6.17,broken clouds
194,Camocim,BR,-2.9022,-40.8411,25.86,78,47,3.61,scattered clouds
195,Saquarema,BR,-22.92,-42.5103,24.01,80,0,5.87,clear sky
196,Verkhnyaya Toyma,RU,62.2349,44.9985,20.96,67,97,2.08,overcast clouds
197,Acari,PE,-15.4311,-74.6158,19.84,67,98,2.02,overcast clouds
198,Galle,LK,6.0367,80.217,26.18,84,100,5.88,overcast clouds
199,Taoudenni,ML,22.6783,-3.9836,40.49,7,1,2.36,clear sky
200,Geraldton,AU,-28.7667,114.6,17.23,77,75,3.6,broken clouds
201,Gumdag,TM,39.2061,54.5906,32.77,18,0,2.31,clear sky
202,Mangrol,IN,21.1167,70.1167,28.83,74,74,6.61,broken clouds
203,Kailahun,SL,8.2833,-10.5667,21.52,99,87,1.0,light rain
204,Varna,BG,43.2167,27.9167,22.86,96,20,0.51,few clouds
205,Santa Maria,BR,-29.6842,-53.8069,9.61,76,20,3.6,few clouds
206,Sao Filipe,CV,14.8961,-24.4956,23.89,82,99,2.57,overcast clouds
207,Ustyuzhna,RU,58.8394,36.4321,19.42,95,63,2.13,broken clouds
208,Soyo,AO,-6.1349,12.3689,22.64,88,17,2.67,few clouds
209,Olavarria,AR,-36.8927,-60.3225,4.48,92,91,6.27,overcast clouds
210,Gurupa,BR,-1.405,-51.64,23.66,93,71,0.42,light rain
211,Ribnica,SI,45.7386,14.7275,22.35,72,70,1.41,broken clouds
212,Mapiri,BO,-15.25,-68.1667,19.65,98,84,0.32,broken clouds
213,Youghal,IE,51.95,-7.8506,17.56,83,23,4.19,few clouds
214,Chapais,CA,49.7834,-74.8492,17.88,98,100,1.22,overcast clouds
215,Bourges,FR,47.25,2.4167,17.29,97,94,2.93,overcast clouds
216,Bengkulu,ID,-3.8004,102.2655,23.36,91,87,1.68,overcast clouds
217,Nador,MA,35.174,-2.9287,25.14,50,0,3.09,clear sky
218,Uribia,CO,11.7139,-72.266,32.53,47,97,4.31,overcast clouds
219,Betioky,MG,-23.7167,44.3833,16.24,79,0,1.97,clear sky
220,Aripuana,BR,-9.1667,-60.6333,24.06,81,70,0.99,broken clouds
221,Galliate,IT,45.4816,8.6967,25.85,71,0,3.09,clear sky
222,Bandarbeyla,SO,9.4942,50.8122,25.31,81,97,12.41,overcast clouds
223,Suluq,LY,31.6682,20.2521,30.71,26,0,4.57,clear sky
224,Saint-Raphael,HT,19.4333,-72.2,26.65,75,41,3.18,scattered clouds
225,Pindorama,BR,-21.1858,-48.9072,27.03,29,0,2.79,clear sky
226,Hammerfest,NO,70.6634,23.6821,10.25,71,0,3.6,clear sky
227,Agirish,RU,61.9247,63.0231,14.9,80,75,2.5,broken clouds
228,Grajau,BR,-5.8194,-46.1386,26.17,44,2,0.62,clear sky
229,Marsh Harbour,BS,26.5412,-77.0636,27.46,71,0,5.74,clear sky
230,Termiz,UZ,37.2242,67.2783,27.05,28,0,1.03,clear sky
231,Madimba,TZ,-10.4,40.3333,21.23,86,48,2.89,scattered clouds
232,Sharanga,RU,57.1775,46.5396,20.52,92,53,2.73,broken clouds
233,Babynino,RU,54.39,35.73,21.86,98,86,4.36,moderate rain
234,Moultrie,US,31.1799,-83.7891,29.9,69,1,0.0,clear sky
235,Kinna,SE,57.5073,12.6946,15.84,91,98,1.92,overcast clouds
236,Havelock,US,34.8791,-76.9013,30.57,73,1,1.79,clear sky
237,Sirjan,IR,29.452,55.6814,24.08,12,0,1.78,clear sky
238,Yuryuzan,RU,54.8633,58.4219,16.66,86,43,1.38,scattered clouds
239,Uaua,BR,-9.8414,-39.4817,20.65,59,81,3.44,broken clouds
240,Vestmannaeyjar,IS,63.4427,-20.2734,9.91,94,100,4.06,overcast clouds
241,La Linea,AR,-27.6243,-55.0388,6.87,97,100,1.34,overcast clouds
242,Lillehammer,NO,61.1146,10.4674,15.74,95,53,1.26,broken clouds
243,Moss Point,US,30.4116,-88.5345,30.03,75,75,6.69,broken clouds
244,Ugoofaaru,MV,5.6667,73.0,27.82,74,100,4.37,overcast clouds
245,Kuytun,RU,54.3419,101.5036,12.24,86,100,4.74,overcast clouds
246,Marienburg,PL,54.0359,19.0266,17.2,91,4,0.46,clear sky
247,East Kilbride,GB,55.7667,-4.1667,16.71,65,99,1.44,overcast clouds
248,Les Cayes,HT,18.2,-73.75,28.26,72,94,4.11,overcast clouds
249,Port-Cartier,CA,50.0334,-66.8654,17.12,99,100,1.34,overcast clouds
250,Prainha,BR,-1.8,-53.48,25.82,77,41,1.74,scattered clouds
251,San Rafael,AR,-34.6177,-68.3301,4.88,46,1,2.08,clear sky
252,Stephenville,US,32.2207,-98.2023,34.0,31,1,2.06,clear sky
253,Salinas,US,36.6777,-121.6555,33.09,66,1,7.2,clear sky
254,Muros,ES,42.7762,-9.0603,15.69,79,21,2.93,few clouds
255,Eyl,SO,7.9803,49.8164,25.12,83,85,8.95,overcast clouds
256,Awash,ET,8.9833,40.1667,26.6,45,45,7.83,scattered clouds
257,Benghazi,LY,32.1167,20.0667,27.72,58,0,4.63,clear sky
258,Sechura,PE,-5.5569,-80.8222,23.38,64,41,7.76,scattered clouds
259,Montepuez,MZ,-13.1256,38.9997,15.57,89,3,1.46,clear sky
260,La Palma,US,33.8464,-118.0467,43.91,62,20,3.13,few clouds
261,Krasnoarmeysk,RU,51.0239,45.6969,22.41,60,87,0.69,overcast clouds
262,Saint-Joseph,RE,-21.3667,55.6167,21.21,81,17,3.68,few clouds
263,Grindavik,IS,63.8424,-22.4338,9.97,100,90,4.63,light intensity drizzle
264,Lubao,PH,14.9167,120.55,28.01,90,63,0.28,broken clouds
265,Puerto Ayacucho,VE,5.6639,-67.6236,26.82,84,100,1.16,overcast clouds
266,Carnarvon,AU,-24.8667,113.6333,13.04,68,90,2.06,overcast clouds
267,Inirida,CO,3.8653,-67.9239,27.23,81,33,0.41,scattered clouds
268,Gao,ML,16.6362,1.637,35.53,9,7,4.64,clear sky
269,Borculo,NL,52.1158,6.5222,20.2,88,100,2.37,overcast clouds
270,Nizwa,OM,22.9333,57.5333,26.62,56,19,1.33,few clouds
271,Doba,TD,8.65,16.85,22.1,89,100,2.48,light rain
272,Port Victoria,KE,0.0939,33.9756,21.82,71,83,4.24,broken clouds
273,Jhang,PK,33.6748,72.6963,29.23,39,1,2.95,clear sky
274,Berlevag,NO,70.8578,29.0864,10.0,84,100,3.89,overcast clouds
275,Stratford-Upon-Avon,GB,52.1917,-1.7073,17.26,83,100,6.16,overcast clouds
276,Sabha,LY,27.0377,14.4283,33.34,15,0,6.3,clear sky
277,Abu Samrah,SY,35.3029,37.1841,27.2,42,0,3.14,clear sky
278,Thompson,CA,55.7435,-97.8558,18.09,52,20,5.66,few clouds
279,Boa Vista,BR,2.8197,-60.6733,30.99,55,40,2.57,scattered clouds
280,Muzhi,RU,65.3667,64.6667,6.7,79,71,2.89,broken clouds
281,Axim,GH,4.8699,-2.2405,24.21,90,100,3.11,overcast clouds
282,Nouadhibou,MR,20.931,-17.0347,20.99,78,18,9.26,few clouds
283,Torbay,CA,47.6666,-52.7314,17.43,89,90,8.23,light rain
284,Lagoa,PT,39.05,-27.9833,19.56,87,90,2.31,overcast clouds
285,Natal,BR,-5.795,-35.2094,26.36,73,75,7.72,broken clouds
286,Santa Isabel Do Rio Negro,BR,-0.4139,-65.0192,25.67,84,54,1.07,light rain
287,Logrono,ES,42.4667,-2.45,15.72,59,40,2.57,scattered clouds
288,Esil,KZ,51.9556,66.4042,19.03,83,35,3.91,scattered clouds
289,Faya,SA,18.3851,42.4509,23.06,53,61,0.88,broken clouds
290,Hofn,IS,64.2539,-15.2082,10.38,66,100,3.53,overcast clouds
291,Bahia Blanca,AR,-38.7196,-62.2724,7.01,81,86,7.23,overcast clouds
292,Uyutne,UA,45.1994,33.3014,22.67,77,0,4.08,clear sky
293,Paragominas,BR,-2.9667,-47.4833,24.48,78,65,0.92,broken clouds
294,Abhar,IR,36.1468,49.218,21.04,51,85,1.62,overcast clouds
295,Waupun,US,43.6333,-88.7296,24.0,78,100,2.36,overcast clouds
296,Matao,BR,-21.6033,-48.3658,19.55,32,0,2.44,clear sky
297,Myra,IT,45.4358,12.1348,25.48,74,0,3.09,clear sky
298,Sovetskiy,RU,61.3614,63.5842,14.95,78,63,2.16,broken clouds
299,Azua,DO,18.4532,-70.7349,28.44,77,74,3.24,broken clouds
300,Riviere-Au-Renard,CA,48.9957,-64.3971,25.16,98,100,4.75,overcast clouds
301,Agadez,NE,19.75,10.25,31.82,12,0,3.88,clear sky
302,Chardara,KZ,41.2547,67.9692,23.65,31,0,4.24,clear sky
303,Vardo,NO,70.3705,31.1107,11.11,91,100,7.9,overcast clouds
304,Mayumba,GA,-3.432,10.6554,22.62,91,93,0.69,overcast clouds
305,Port Blair,IN,11.6667,92.75,27.18,80,29,4.28,scattered clouds
306,Gbadolite,CD,4.2833,21.0167,21.37,97,100,1.48,light rain
307,Cap-Aux-Meules,CA,47.3821,-61.8597,20.03,94,90,8.75,overcast clouds
308,Izvoarele Sucevei,RO,47.75,25.1833,11.9,97,37,0.74,scattered clouds
309,Estelle,US,29.8458,-90.1067,31.1,65,75,1.34,broken clouds
310,Diego De Almagro,CL,-26.3667,-70.05,13.53,28,0,2.27,clear sky
311,Lebu,CL,-37.6167,-73.65,8.47,74,22,6.64,few clouds
312,Raudeberg,NO,61.9875,5.1352,12.33,91,63,5.61,broken clouds
313,Mezen,RU,65.8522,44.24,12.06,67,100,3.2,overcast clouds
314,Ostrovnoy,RU,68.0531,39.5131,10.74,72,92,5.43,overcast clouds
315,Moen,NO,69.1304,18.6123,12.4,58,75,1.54,broken clouds
316,Togur,RU,58.3631,82.8265,11.96,64,100,2.65,overcast clouds
317,Andenes,NO,69.3143,16.1194,10.99,71,90,6.69,overcast clouds
318,Umm Lajj,SA,25.0213,37.2685,30.71,41,1,3.58,clear sky
319,Monte Alegre,BR,-2.0078,-54.0692,25.63,78,46,1.08,scattered clouds
320,Bilopillya,UA,51.1502,34.3129,18.82,97,100,4.11,light rain
321,San Juan,AR,-31.5375,-68.5364,6.84,38,0,2.01,clear sky
322,Maun,BW,-19.9833,23.4167,10.98,66,0,1.54,clear sky
323,Saint Leonard,CA,47.173,-67.9247,28.78,78,75,6.81,broken clouds
324,Cochrane,CA,51.1834,-114.4687,30.51,40,1,2.57,clear sky
325,Mehran,IR,33.1222,46.1646,31.71,9,0,2.22,clear sky
326,Gizeh,EG,30.0081,31.2109,30.41,40,0,4.2,clear sky
327,Moose Factory,CA,51.2585,-80.6094,14.0,58,40,4.63,scattered clouds
328,Vostochnyy,RU,55.8167,37.8667,23.39,88,57,3.0,broken clouds
329,Studena,CZ,49.1852,15.2869,17.92,85,100,1.77,overcast clouds
330,Arusha,TZ,-3.3667,36.6833,16.59,80,76,2.85,broken clouds
331,Nisia Floresta,BR,-6.0911,-35.2086,26.45,84,100,5.84,overcast clouds
332,Barcelos,PT,41.5388,-8.6151,16.03,91,2,2.64,clear sky
333,Quelimane,MZ,-17.8786,36.8883,21.97,88,0,3.09,clear sky
334,Hualmay,PE,-11.0964,-77.6139,18.62,76,73,3.7,broken clouds
335,Alekseyevka,RU,50.6309,38.6903,20.61,86,56,2.57,broken clouds
336,Semey,KZ,50.4111,80.2275,15.46,55,65,3.85,broken clouds
337,Misratah,LY,32.3754,15.0925,28.94,48,0,4.34,clear sky
338,Lundamo,NO,63.1333,10.3,12.54,93,44,0.9,scattered clouds
339,Bubaque,GW,11.2833,-15.8333,26.24,85,92,4.85,overcast clouds
340,Tsiroanomandidy,MG,-18.7667,46.0333,14.12,62,5,1.14,clear sky
341,Bekovo,RU,52.4663,43.712,21.17,79,34,3.22,scattered clouds
342,Hambantota,LK,6.1241,81.1185,26.19,89,75,3.6,broken clouds
343,Firovo,RU,57.4814,33.7021,18.32,99,100,1.4,overcast clouds
344,Iberia,US,29.9502,-91.7507,28.87,83,75,5.14,broken clouds
345,Marsa Matruh,EG,31.3525,27.2453,26.11,83,0,5.66,clear sky
346,Olive Branch,US,34.9618,-89.8295,33.11,52,40,6.17,scattered clouds
347,Bathsheba,BB,13.2167,-59.5167,29.34,61,40,7.72,scattered clouds
348,Washington,US,47.5001,-120.5015,41.27,17,0,4.42,clear sky
349,Sao Mateus Do Sul,BR,-25.8742,-50.3828,15.62,79,99,1.5,overcast clouds
350,Zolotonosha,UA,49.6689,32.0377,18.96,94,45,5.66,scattered clouds
351,Aksu,CN,41.1231,80.2644,24.43,25,61,2.12,broken clouds
352,Skibbereen,IE,51.55,-9.2667,17.89,89,46,3.64,scattered clouds
353,Resavica,RS,44.0408,21.5816,17.82,63,0,0.67,clear sky
354,Jibuti,DJ,11.5,42.5,27.07,58,10,3.49,clear sky
355,Cayenne,GF,4.9333,-52.3333,29.02,76,0,1.34,clear sky
356,La Rioja,ES,42.25,-2.5,11.88,96,100,1.34,overcast clouds
357,Shiraz,IR,29.6036,52.5388,25.69,27,75,0.0,broken clouds
358,Ceres,US,37.5949,-120.9577,42.95,29,1,4.12,clear sky
359,Governador Valadares,BR,-18.8511,-41.9494,19.43,56,0,1.61,clear sky
360,Turinsk,RU,58.0458,63.696,13.62,85,0,1.19,clear sky
361,Springbok,ZA,-29.6643,17.8865,8.46,44,0,3.09,clear sky
362,Strabychovo,UA,48.3925,22.5431,20.03,75,43,2.35,scattered clouds
363,Antofagasta,CL,-23.65,-70.4,14.6,76,36,4.78,scattered clouds
364,Lusambo,CD,-4.9667,23.45,20.72,37,68,1.34,broken clouds
365,Louis Trichardt,ZA,-23.0439,29.9032,13.88,40,0,0.47,clear sky
366,Sosnytsya,UA,51.5239,32.4999,17.83,97,71,3.9,broken clouds
367,Tamasane,BW,-22.4184,27.4013,14.73,30,0,2.11,clear sky
368,Manavalakurichi,IN,8.1333,77.3,28.05,83,95,5.5,overcast clouds
369,Benguela,AO,-12.5763,13.4055,21.66,84,16,0.73,few clouds
370,Sorkjosen,NO,69.8,20.9333,11.74,72,97,0.43,overcast clouds
371,Sheltozero,RU,61.3667,35.3667,17.5,90,82,1.73,broken clouds
372,Sept-Iles,CA,50.2001,-66.3821,17.29,96,90,0.45,mist
373,Olinda,BR,-8.0089,-34.8553,20.85,88,75,4.63,broken clouds
374,Gonen,TR,40.1049,27.654,25.37,81,0,0.86,clear sky
375,Ushtobe,KZ,45.2514,77.9838,15.22,49,7,3.97,clear sky
376,Aranos,NA,-24.1333,19.1167,13.66,28,3,4.69,clear sky
377,Snina,SK,48.9886,22.151,18.05,83,34,1.72,scattered clouds
378,Kviteseid,NO,59.4022,8.4927,17.13,93,35,0.51,scattered clouds
379,Immokalee,US,26.4187,-81.4173,33.97,62,20,6.17,few clouds
380,Rognan,NO,67.0953,15.3878,12.09,80,33,2.06,scattered clouds
381,Laishevo,RU,55.4046,49.5504,22.12,80,10,0.54,clear sky
382,Urla,TR,38.3229,26.764,29.22,58,0,3.59,clear sky
383,Emba,KZ,48.8264,58.1442,27.35,40,28,3.02,scattered clouds
384,Fethiye,TR,36.6217,29.1164,28.93,37,0,2.97,clear sky
385,Bilma,NE,18.6853,12.9164,33.13,12,59,0.66,broken clouds
386,Salta,AR,-24.7859,-65.4117,5.33,78,75,0.89,broken clouds
387,Chimbote,PE,-9.0853,-78.5783,19.09,77,38,5.12,scattered clouds
388,Artvin,TR,41.1667,41.8333,17.6,94,67,0.54,broken clouds
389,Rochegda,RU,62.8,43.25,20.39,67,100,1.73,overcast clouds
390,Henties Bay,NA,-22.116,14.2845,15.43,84,2,3.17,clear sky
391,Parabel,RU,58.6978,81.4825,12.44,79,100,3.0,overcast clouds
392,Eirunepe,BR,-6.6603,-69.8736,27.02,71,97,1.01,heavy intensity rain
393,Artyom,AZ,40.4723,50.333,24.08,47,47,1.39,scattered clouds
394,Richards Bay,ZA,-28.783,32.0377,18.71,75,0,6.9,clear sky
395,Pinega,RU,64.7001,43.3936,15.08,68,94,2.78,overcast clouds
396,Kushmurun,KZ,52.4503,64.6311,17.87,81,7,3.65,clear sky
397,Boende,CD,-0.2167,20.8667,25.51,57,88,0.52,overcast clouds
398,Mitsamiouli,KM,-11.3847,43.2844,24.84,73,68,3.49,broken clouds
399,Ippy,CF,6.2679,21.2247,20.26,99,69,2.44,moderate rain
400,Hvolsvollur,IS,63.7533,-20.2243,9.89,94,100,2.65,overcast clouds
401,Thinadhoo,MV,0.5333,72.9333,27.69,74,69,2.85,light rain
402,Indiana,US,40.0003,-86.2503,29.93,78,1,3.6,clear sky
403,La Tuque,CA,47.4334,-72.7824,28.14,65,95,5.66,overcast clouds
404,Saint Anthony,US,45.0205,-93.218,29.39,56,1,0.45,clear sky
405,Mequon,US,43.2364,-87.9845,24.3,77,75,1.79,broken clouds
406,Alexandria,EG,31.2156,29.9553,25.98,73,0,3.09,clear sky
407,Vieux-Habitants,GP,16.0589,-61.7659,27.76,71,69,5.81,broken clouds
408,Bagua Grande,PE,-5.7561,-78.4411,29.97,57,79,2.13,light rain
409,San Pedro,PH,14.35,121.0167,27.57,87,40,1.03,haze
410,Nivala,FI,63.9167,24.9667,10.76,68,100,2.4,overcast clouds
411,Praia,CV,14.9215,-23.5087,25.3,69,0,6.17,clear sky
412,Saint-Leu,RE,-21.15,55.2833,21.49,96,1,0.45,clear sky
413,Sorland,NO,67.667,12.6934,10.13,87,81,11.55,broken clouds
414,Yar-Sale,RU,66.8333,70.8333,8.62,84,93,6.65,overcast clouds
415,Issia,CI,6.4922,-6.5856,21.4,97,100,2.2,overcast clouds
416,Camacha,PT,33.0833,-16.3333,18.42,68,75,4.63,broken clouds
417,Atar,MR,20.5169,-13.0499,36.91,10,55,3.35,broken clouds
418,Luba,GQ,3.4568,8.5547,25.94,84,100,2.78,overcast clouds
419,Pangnirtung,CA,66.1451,-65.7125,3.19,93,100,1.63,light rain
420,Nicolas Bravo,MX,18.45,-88.9167,30.53,46,89,3.65,overcast clouds
421,San Andres,CO,12.5847,-81.7006,26.01,89,75,3.6,broken clouds
422,Manhuacu,BR,-20.2581,-42.0336,13.65,77,0,0.82,clear sky
423,Sur,OM,22.5667,59.5289,28.45,66,10,6.12,clear sky
424,Caucaia,BR,-3.7361,-38.6531,27.24,73,0,4.63,clear sky
425,Pasni,PK,25.2631,63.471,27.55,81,11,6.48,few clouds
426,Wageningen,NL,51.9667,5.6667,18.95,92,90,1.54,moderate rain
427,Sassandra,CI,4.95,-6.0833,23.09,96,100,2.51,heavy intensity rain
428,Lodwar,KE,3.1191,35.5973,28.08,42,41,8.32,scattered clouds
429,Loukhi,RU,66.0764,33.0381,13.11,97,86,1.9,overcast clouds
430,Tanda,IN,26.55,82.65,29.31,75,26,1.85,scattered clouds
431,Shrewsbury,GB,52.7101,-2.7521,17.35,86,75,3.6,broken clouds
432,Sikar,IN,27.6167,75.15,32.8,34,11,0.59,few clouds
433,Laguna,US,38.421,-121.4238,42.86,36,1,5.14,clear sky
434,Bawku,GH,11.0616,-0.2417,29.21,50,11,3.02,few clouds
435,Birjand,IR,32.8663,59.2211,21.26,14,0,3.09,clear sky
436,Las Palmas,ES,28.4204,-14.0131,19.44,73,20,7.72,few clouds
437,Atmakur,IN,15.8833,78.5833,25.27,82,100,2.91,overcast clouds
438,Aquidauana,BR,-20.4711,-55.7872,16.66,72,76,5.29,broken clouds
439,Longonjo,AO,-12.9067,15.2533,14.58,33,18,0.14,few clouds
440,Aswan,EG,24.0934,32.907,32.52,16,0,3.43,clear sky
441,Lugovoy,KZ,42.9472,72.7644,18.57,38,0,0.88,clear sky
442,Pasinler,TR,39.9803,41.6764,16.55,78,21,1.17,few clouds
443,Puerto Lopez,CO,4.0845,-72.956,26.38,86,59,1.15,broken clouds
444,Maniitsoq,GL,65.4167,-52.9,6.02,98,100,3.49,moderate rain
445,Bijar,IR,35.8668,47.6051,20.85,24,71,0.69,broken clouds
446,Coruripe,BR,-10.1256,-36.1756,22.38,78,42,4.03,scattered clouds
447,Calais,FR,50.9167,1.8333,18.0,97,67,2.0,broken clouds
448,Tanout,NE,14.9709,8.8879,34.05,31,100,6.68,overcast clouds
449,Abnub,EG,27.2696,31.1511,32.12,21,0,3.54,clear sky
450,Akdepe,TM,42.0551,59.3788,29.05,29,55,2.9,broken clouds
451,Naryan-Mar,RU,67.6713,53.087,6.82,77,22,1.83,few clouds
452,Pelym,RU,61.0108,61.9978,16.36,73,55,1.83,broken clouds
453,Ancona,IT,43.55,13.1667,24.08,66,44,1.03,scattered clouds
454,Paamiut,GL,61.994,-49.6678,7.02,98,100,11.33,moderate rain
455,Jacareacanga,BR,-6.2222,-57.7528,25.79,69,100,0.58,overcast clouds
456,Marawi,PH,7.9986,124.2928,17.03,90,94,1.29,overcast clouds
457,Kudahuvadhoo,MV,2.6708,72.8944,27.07,77,100,3.99,moderate rain
458,Pregradnaya,RU,43.9508,41.1994,16.17,95,31,2.32,scattered clouds
459,Itacare,BR,-14.2775,-38.9967,21.94,78,39,3.92,scattered clouds
460,Gambela,ET,8.25,34.5833,20.92,93,52,2.27,broken clouds
461,Monster,NL,52.0258,4.175,18.89,95,100,1.79,overcast clouds
462,Rafaela,AR,-31.2503,-61.4867,8.89,42,55,1.34,broken clouds
463,Bonavista,CA,48.6499,-53.1147,16.0,96,100,10.14,moderate rain
464,Camana,PE,-16.6228,-72.7111,17.46,78,92,3.96,overcast clouds
465,Monrovia,LR,6.3005,-10.7969,25.87,82,100,2.0,light rain
466,Kaniama,CD,-7.5667,24.1833,18.78,38,33,2.35,scattered clouds
467,Cabedelo,BR,-6.9811,-34.8339,22.37,82,93,7.69,overcast clouds
468,Ratnagiri,IN,16.9833,73.3,25.95,84,100,1.62,overcast clouds
469,Coihaique,CL,-45.5752,-72.0662,0.34,93,40,0.0,scattered clouds
470,Lock Haven,US,41.137,-77.4469,32.68,66,100,3.2,overcast clouds
471,Rocha,UY,-34.4833,-54.3333,7.2,84,82,6.3,broken clouds
472,Keetmanshoop,NA,-26.5833,18.1333,15.51,26,10,3.6,clear sky
473,Pithora,IN,21.2667,82.5167,28.04,75,87,2.31,overcast clouds
474,Vagur,FO,61.4732,-6.8119,9.71,95,68,7.13,broken clouds
475,Adrar,MR,20.5022,-10.0711,36.07,12,93,0.71,overcast clouds
476,Waslala,NI,13.2333,-85.3833,29.19,56,36,2.22,scattered clouds
477,Masyaf,SY,35.0653,36.3406,21.03,50,0,2.53,clear sky
478,Huaraz,PE,-9.5333,-77.5333,12.92,74,97,1.19,light rain
479,Le Port,RE,-20.9373,55.2919,22.01,96,2,2.5,clear sky
480,Surt,LY,31.2089,16.5887,28.4,50,0,4.13,clear sky
481,Snezhnogorsk,RU,69.1933,33.2531,11.88,89,93,3.48,overcast clouds
482,Santa Cruz De La Palma,ES,28.6835,-17.7642,22.08,68,75,8.23,broken clouds
483,Malanje,AO,-9.5402,16.341,18.23,34,35,0.67,scattered clouds
484,Kindu,CD,-2.95,25.95,22.94,39,60,1.33,broken clouds
485,San Lawrenz,MT,36.0553,14.204,25.67,78,33,3.52,scattered clouds
486,Nantucket,US,41.2835,-70.0995,27.06,87,75,5.66,broken clouds
487,Loandjili,CG,-4.7561,11.8578,22.86,87,37,2.6,scattered clouds
488,Amapa,BR,1.0,-52.0,24.55,79,80,1.14,broken clouds
489,Iquique,CL,-20.2208,-70.1431,17.02,77,100,2.56,overcast clouds
490,Sao Jose Do Belmonte,BR,-7.8614,-38.7597,22.38,60,34,5.81,scattered clouds
491,Edelira,PY,-26.75,-55.2667,7.36,97,100,1.87,overcast clouds
492,Igbo Ora,NG,7.4333,3.2833,23.3,85,39,1.97,scattered clouds
493,Seredka,RU,58.1584,28.1858,18.86,83,100,1.94,light rain
494,Rypefjord,NO,70.6333,23.6667,10.26,71,0,3.6,clear sky
495,Belokurikha,RU,51.9959,84.9896,11.95,74,99,3.3,overcast clouds
496,Pokhara,NP,28.2333,83.9833,21.44,84,32,1.94,scattered clouds
497,Chabahar,IR,25.2919,60.643,28.26,75,36,3.47,scattered clouds
498,Imeni Babushkina,RU,59.7573,43.1285,21.5,76,85,1.68,overcast clouds
499,Mitoc,RO,48.1,27.0333,21.05,86,4,3.1,clear sky
500,Chute-Aux-Outardes,CA,49.1168,-68.399,18.17,100,90,1.54,mist
501,Muhos,FI,64.808,25.9931,14.88,74,77,2.2,broken clouds
502,Oussouye,SN,12.485,-16.5469,26.05,84,54,2.52,moderate rain
503,Kalmunai,LK,7.4167,81.8167,26.03,74,100,3.14,overcast clouds
504,Zabid,YE,14.1951,43.3152,31.79,56,99,2.84,overcast clouds
505,Sakskobing,DK,54.7997,11.626,16.16,83,100,2.65,overcast clouds
506,Varberg,SE,57.1056,12.2508,16.14,90,100,4.85,overcast clouds
507,Carauari,BR,-4.8828,-66.8958,24.44,93,66,0.68,broken clouds
508,Gwanda,ZW,-20.9333,29.0,14.3,35,0,2.21,clear sky
509,Gualaquiza,EC,-3.4,-78.55,20.67,95,70,0.62,light rain
510,Synya,RU,65.3718,58.0387,6.4,75,15,1.49,few clouds
511,Comodoro Rivadavia,AR,-45.8667,-67.5,7.92,46,0,4.12,clear sky
512,Koping,SE,59.514,15.9926,17.96,83,84,1.67,broken clouds
513,Gogrial,SS,8.5332,28.1004,22.57,88,100,1.2,overcast clouds
514,Makat,KZ,47.6469,53.3463,31.7,19,4,3.92,clear sky
515,Necocli,CO,8.4234,-76.786,29.06,76,100,1.8,overcast clouds
516,Trairi,BR,-3.2778,-39.2689,26.15,72,32,4.74,scattered clouds
517,Kautokeino,NO,69.0125,23.0412,8.6,84,90,3.01,overcast clouds
518,Kosonsoy,UZ,41.2561,71.5508,23.31,25,82,3.22,broken clouds
519,Marquette,US,46.5333,-87.6335,22.1,81,100,0.21,overcast clouds
520,Luanda,AO,-8.8368,13.2343,23.0,88,20,2.06,few clouds
521,Najran,SA,17.4924,44.1277,28.36,27,98,0.03,overcast clouds
522,Alcacer Do Sal,PT,38.3733,-8.5144,20.9,68,52,5.05,broken clouds
523,Aviles,ES,43.5547,-5.9248,16.66,72,75,3.09,broken clouds
524,Belfast,GB,54.5833,-5.9333,12.99,74,20,3.09,few clouds
525,Port-Gentil,GA,-0.7193,8.7815,25.98,83,40,3.09,scattered clouds
526,Arona,ES,28.0996,-16.681,17.77,74,0,2.24,clear sky
527,Svetlyy,RU,54.675,20.1347,15.03,93,10,3.04,clear sky
528,Rio Grande,BR,-32.035,-52.0986,10.06,68,100,6.02,overcast clouds
529,Blagoyevo,RU,63.3667,47.9167,15.27,70,79,2.03,broken clouds
530,Ust-Ishim,RU,57.6935,71.1665,13.01,99,40,2.24,scattered clouds
531,Rorvik,NO,64.8621,11.2373,11.37,78,90,5.88,overcast clouds
532,Kupino,RU,54.3663,77.2981,15.84,84,100,3.48,overcast clouds
533,Dasoguz,TM,41.8363,59.9666,28.97,42,0,0.0,clear sky
534,Atasu,KZ,48.6814,71.6433,18.45,26,40,3.93,scattered clouds
535,Zhob,PK,31.3411,69.4481,25.01,41,25,1.0,scattered clouds
536,Bella Vista,US,36.4295,-94.2316,29.34,70,75,2.24,broken clouds
537,Birao,CF,10.2849,22.7882,23.73,82,100,2.81,light rain
538,Huarmey,PE,-10.0681,-78.1522,19.26,76,95,4.24,overcast clouds
539,Mocuba,MZ,-16.8392,36.9856,16.67,96,4,1.24,clear sky
540,Glace Bay,CA,46.1969,-59.957,22.12,88,90,2.68,overcast clouds
541,Talnakh,RU,69.4865,88.3972,9.36,82,100,1.82,overcast clouds
542,Omboue,GA,-1.5746,9.2618,22.96,89,95,2.73,overcast clouds
543,Bereda,ES,43.2686,-7.5406,12.86,88,98,2.06,overcast clouds
544,Joshimath,IN,30.5667,79.5667,19.01,76,13,1.52,few clouds
545,Mehamn,NO,71.0357,27.8492,9.97,66,0,4.63,clear sky
546,Moundou,TD,8.5667,16.0833,22.25,89,99,2.05,overcast clouds
547,Teguldet,RU,57.3064,88.1667,9.62,96,96,1.7,overcast clouds
548,Skjervoy,NO,70.0311,20.9714,11.08,68,92,2.42,overcast clouds
549,Chervona Sloboda,UA,49.3789,32.1464,19.32,93,34,5.75,scattered clouds
550,Fort Dix,US,40.0298,-74.6185,33.54,61,40,7.2,scattered clouds
551,Mao,ES,39.8885,4.2658,22.31,83,0,2.06,clear sky
552,Calabozo,VE,8.9242,-67.4293,28.57,67,92,1.78,overcast clouds
553,Bouca,CF,6.5105,18.2733,21.35,95,87,1.56,light rain
554,Palmas De Monte Alto,BR,-14.2672,-43.1619,21.16,37,0,2.61,clear sky
555,Riyadh,SA,24.6877,46.7219,36.08,7,0,2.43,clear sky
556,Tiznit,MA,29.5833,-9.5,19.75,61,0,1.6,clear sky
557,Kapoeta,SS,4.7717,33.5903,27.81,39,81,6.52,broken clouds
558,Lascahobas,HT,18.8294,-71.9364,29.8,68,73,0.24,broken clouds
559,Kremenchuk,UA,49.0973,33.4197,20.32,93,82,5.78,broken clouds
560,Manaure,CO,11.7751,-72.4445,30.87,59,99,4.49,overcast clouds
561,Ankola,IN,14.6667,74.3,25.29,88,100,1.26,overcast clouds
562,Kavaratti,IN,10.5669,72.642,27.4,81,99,7.0,overcast clouds
563,Maarianhamina,AX,60.0973,19.9348,12.92,94,0,1.03,clear sky
564,Tete,MZ,-16.1564,33.5867,17.05,59,0,2.06,clear sky
565,Coelho Neto,BR,-4.2567,-43.0128,25.49,63,52,1.19,broken clouds
566,Villa Carlos Paz,AR,-31.4241,-64.4978,7.6,36,0,0.45,clear sky
567,Sfantu Gheorghe,RO,45.8667,25.7833,18.48,78,63,0.77,broken clouds
568,Kamakwie,SL,9.5,-12.2333,23.72,95,57,2.0,broken clouds
569,Oranjestad,AW,12.524,-70.027,29.97,76,20,3.13,few clouds
570,Mardin,TR,37.3131,40.7436,26.06,20,0,1.78,clear sky
571,Diamantina,BR,-18.2494,-43.6003,12.46,65,1,2.42,clear sky
572,Dondo,MZ,-19.6094,34.7431,18.73,96,1,2.31,clear sky
573,Jaisalmer,IN,26.9147,70.9181,32.09,49,38,5.74,scattered clouds
574,Middletown,US,39.5151,-84.3983,32.77,64,40,6.17,scattered clouds
575,Athol,US,42.5959,-72.2268,31.81,63,20,8.23,few clouds
576,Kumluca,TR,36.3703,30.2869,29.46,43,0,2.96,clear sky
577,Porto-Vecchio,FR,41.591,9.2795,23.74,83,0,2.57,clear sky
578,Lambarene,GA,-0.7001,10.2406,23.08,93,100,1.63,overcast clouds
579,Havoysund,NO,70.9963,24.6622,10.49,71,100,2.62,overcast clouds
580,Boqueirao,BR,-7.5,-36.1333,23.75,80,85,5.82,overcast clouds
581,Gobabis,NA,-22.45,18.9667,12.85,32,3,5.27,clear sky
582,Kemijarvi,FI,66.7131,27.4306,10.2,83,13,2.46,few clouds
583,Roald,NO,62.5833,6.1333,14.95,87,40,6.17,scattered clouds
584,Yegorlykskaya,RU,46.5656,40.6562,21.8,100,16,3.02,few clouds
585,Barranca,PE,-10.75,-77.7667,18.26,75,77,4.02,broken clouds
586,Sinnar,SD,13.5691,33.5672,32.59,39,63,4.41,broken clouds
587,Vizinga,RU,61.0749,50.1031,18.14,82,28,1.06,scattered clouds
588,Hurghada,EG,27.2574,33.8129,33.02,19,0,2.06,clear sky
589,San Jose,US,37.3394,-121.895,33.29,54,20,4.12,few clouds
590,Suhl,DE,50.6,10.7,19.95,71,100,1.54,overcast clouds
591,El Tigre,VE,8.8875,-64.2454,26.41,71,98,5.03,overcast clouds
592,Matara,LK,5.9485,80.5353,25.15,89,99,4.91,overcast clouds
593,Qandala,SO,11.472,49.8728,32.71,50,73,3.19,broken clouds
594,Filingue,NE,14.3521,3.3168,35.17,33,1,4.27,clear sky
595,Arlit,NE,18.7369,7.3853,33.19,12,0,5.66,clear sky
596,Koszeg,HU,47.3892,16.541,20.34,67,96,2.03,overcast clouds
597,Adre,TD,13.4667,22.2,28.61,35,99,2.76,overcast clouds
598,Nyamuswa,TZ,-1.9,34.0167,21.48,57,89,1.92,overcast clouds
599,Dutlwe,BW,-23.9833,23.9,14.29,32,0,4.1,clear sky
600,Westport,US,41.1415,-73.3579,33.19,73,1,1.34,clear sky
601,Flic En Flac,MU,-20.2742,57.3631,23.07,77,5,4.72,clear sky
602,Pirapora,BR,-17.345,-44.9419,20.52,42,0,1.19,clear sky
603,Umea,SE,63.8284,20.2597,13.28,87,0,1.54,clear sky
604,Hazaribag,IN,23.9833,85.35,24.76,86,97,3.34,overcast clouds
605,Urengoy,RU,65.9667,78.3667,8.72,60,12,2.79,few clouds
606,Matadi,CD,-5.8167,13.45,22.81,82,29,1.79,scattered clouds
607,Soledade,BR,-28.8183,-52.5103,6.02,98,100,2.66,light rain
608,Maine-Soroa,NE,13.2114,12.0241,33.9,30,91,3.28,overcast clouds
609,Ancud,CL,-41.8697,-73.8203,7.74,81,100,2.39,overcast clouds
610,Saint-Georges,GD,12.0564,-61.7485,28.82,74,20,7.2,few clouds
611,Walvis Bay,NA,-22.9575,14.5053,13.53,94,19,2.57,few clouds
612,Atyashevo,RU,54.5644,46.0691,21.19,84,2,1.61,clear sky
613,Lerwick,GB,60.1545,-1.1494,10.0,90,74,4.71,broken clouds
614,Tingi,TZ,-11.3,35.0333,13.9,63,5,1.79,clear sky
615,Charyshskoye,RU,51.3978,83.5598,9.64,82,96,2.61,overcast clouds
616,Quatre Cocos,MU,-20.2078,57.7625,22.83,74,13,6.23,few clouds
617,Mahanoro,MG,-19.9,48.8,18.44,93,16,1.75,few clouds
618,Conde,BR,-7.2597,-34.9075,21.7,100,90,6.17,overcast clouds
619,Svetlogorsk,BY,52.6333,29.7333,17.95,89,93,5.88,overcast clouds
620,Sambava,MG,-14.2667,50.1667,19.71,87,6,4.6,clear sky
621,Road Town,VG,18.4167,-64.6167,29.05,70,40,3.6,scattered clouds
622,Nieuw Amsterdam,SR,5.8833,-55.0833,30.01,70,40,3.09,scattered clouds
623,Rincon,US,32.296,-81.2354,31.25,64,40,0.45,scattered clouds
624,Caraballeda,VE,10.6112,-66.8522,29.37,87,92,5.66,overcast clouds
625,Fort-Shevchenko,KZ,44.5086,50.263,31.56,30,29,6.11,scattered clouds
626,Vilcun,CL,-38.65,-72.2333,9.41,87,2,0.99,clear sky
627,Doha,QA,25.2867,51.5333,30.99,89,0,1.03,clear sky
628,Beyneu,KZ,45.3167,55.2,32.8,24,19,4.11,few clouds
629,Weligama,LK,5.9667,80.4167,25.38,88,100,5.05,moderate rain
630,Dukhovshchina,RU,55.1919,32.4111,18.4,98,99,1.91,moderate rain
631,Abha,SA,18.2164,42.5053,22.9,49,0,0.0,clear sky
632,Bardiyah,LY,31.7561,25.0865,27.07,64,0,5.09,clear sky
633,La Esperanza,GT,14.8667,-91.5667,16.4,83,75,0.0,broken clouds
634,Itarema,BR,-2.9248,-39.9167,25.45,78,21,4.0,few clouds
635,Turtas,RU,58.9417,69.1325,12.37,95,42,1.5,scattered clouds
636,Megion,RU,61.0296,76.1136,14.01,71,33,3.13,scattered clouds
637,Kamenka,RU,51.3223,42.7678,20.86,81,76,5.42,broken clouds
638,Tikapur,NP,28.5,81.1333,27.79,71,1,1.16,clear sky
639,Araouane,ML,18.9048,-3.5265,37.59,8,5,2.82,clear sky
640,Santiago Del Estero,AR,-27.7951,-64.2615,9.65,31,0,3.62,clear sky
641,Kaduqli,SD,11.0167,29.7167,25.59,73,96,2.01,overcast clouds
642,Jizan,SA,17.3333,42.6667,34.52,47,98,0.47,overcast clouds
643,Rania,IN,29.5333,74.8333,34.29,32,0,2.45,clear sky
644,Cheremisinovo,RU,51.8855,37.2646,22.06,90,35,2.29,scattered clouds
645,Hornbaek,DK,56.0854,12.4505,17.74,64,99,3.09,overcast clouds
646,Malanville,BJ,11.8685,3.3899,29.83,48,91,2.81,overcast clouds
647,Tukrah,LY,32.5341,20.5791,28.18,46,0,2.54,clear sky
648,Tarrafal,CV,15.2833,-23.7667,25.44,86,100,5.89,overcast clouds
649,Mantua,IT,45.1667,10.7833,25.65,74,68,3.15,broken clouds
650,Bahar,IR,34.9072,48.4414,21.48,17,42,1.62,scattered clouds
651,Leh,IN,34.1667,77.5833,12.82,33,0,2.03,clear sky
652,Black River,JM,18.0264,-77.8487,26.1,71,78,6.97,broken clouds
653,Vikulovo,RU,56.8167,70.6107,14.03,97,14,2.84,few clouds
654,Valledupar,CO,10.4631,-73.2532,30.65,57,68,2.17,broken clouds
655,Betanzos,ES,43.2804,-8.2147,16.16,82,75,0.89,broken clouds
656,Kisesa,TZ,-3.0833,34.15,18.33,52,37,3.23,scattered clouds
657,Mattru,SL,7.6244,-11.8332,23.37,97,99,1.39,overcast clouds
658,Toul,FR,48.6667,5.9167,19.51,94,0,1.54,clear sky
659,Altoona,US,40.5187,-78.3947,31.56,60,81,3.74,broken clouds
660,Sarakhs,IR,36.5449,61.1577,24.08,29,0,1.03,clear sky
661,Amlame,TG,7.4667,0.9,22.59,85,99,1.74,overcast clouds
662,Uvira,CD,-3.4067,29.1458,22.39,62,57,0.75,broken clouds
663,Nyrob,RU,60.733,56.7202,19.44,65,92,1.6,overcast clouds
664,Buchanan,LR,5.8808,-10.0467,25.98,89,100,3.02,moderate rain
665,Sisimiut,GL,66.9395,-53.6735,5.73,92,100,2.79,overcast clouds
666,Orotina,CR,9.912,-84.5234,27.42,87,87,1.56,overcast clouds
667,Lichinga,MZ,-13.3128,35.2406,12.6,61,3,1.99,clear sky
668,Monduli,TZ,-3.3,36.45,15.09,79,46,4.47,scattered clouds
669,Tornabe,HN,15.75,-87.55,33.14,65,99,2.61,overcast clouds
670,Cap Malheureux,MU,-19.9842,57.6142,23.04,78,4,2.68,clear sky
671,Ouro Preto Do Oeste,BR,-10.7481,-62.2158,26.2,69,59,2.09,broken clouds
672,Dodola,ET,6.9833,39.1833,10.79,88,87,2.41,overcast clouds
673,Rabat,MA,33.9911,-6.8401,19.67,82,75,0.0,broken clouds
674,Campoverde,PE,-8.4753,-74.8058,31.83,58,67,0.68,broken clouds
675,Lamu,KE,-2.2717,40.902,23.12,84,91,5.35,light rain
676,Bara,NG,10.3744,10.7288,24.74,80,87,3.84,light rain
677,Sao Domingos,BR,-13.3983,-46.3183,21.34,42,5,1.8,clear sky
678,Kinkala,CG,-4.3614,14.7644,21.17,88,45,1.91,scattered clouds
679,Lenger,KZ,42.183,69.8839,23.69,19,0,3.06,clear sky
680,San Luis,AR,-33.295,-66.3356,1.68,51,6,3.77,clear sky
681,Ailigandi,PA,9.2333,-78.0167,26.72,83,95,0.72,overcast clouds
682,Vallenar,CL,-28.5708,-70.7581,16.33,25,0,1.29,clear sky
683,Labytnangi,RU,66.6572,66.4183,6.81,76,73,3.38,broken clouds
684,Lixourion,GR,38.2019,20.4314,24.88,59,46,2.73,scattered clouds
685,Bodo,NO,67.28,14.405,12.03,78,75,8.23,broken clouds
686,Grafenau,DE,48.8577,13.3974,18.26,52,86,1.75,overcast clouds
687,Maragogi,BR,-9.0122,-35.2225,24.35,68,97,4.67,overcast clouds
688,Alta Floresta,BR,-9.8756,-56.0861,26.08,50,31,1.18,scattered clouds
689,Makokou,GA,0.5738,12.8642,20.74,93,26,1.45,scattered clouds
690,Inhambane,MZ,-23.865,35.3833,21.05,91,0,3.95,clear sky
691,Kismayo,SO,-0.3582,42.5454,24.52,82,88,5.0,overcast clouds
692,Caldas Novas,BR,-17.7417,-48.625,20.1,35,0,0.76,clear sky
693,Namanyere,TZ,-7.5167,31.05,14.77,47,37,2.63,scattered clouds
694,Rosetta,EG,31.4044,30.4164,25.9,82,0,3.46,clear sky
695,Sao Felix Do Xingu,BR,-6.6447,-51.995,26.59,54,33,1.04,scattered clouds
696,Jaleswar,NP,26.6471,85.8008,27.39,84,96,2.72,overcast clouds
697,Maicao,CO,11.3832,-72.2432,30.83,58,80,3.12,broken clouds
698,Campo Verde,BR,-20.4167,-54.0667,18.56,47,9,4.68,clear sky
699,Berezovka,BY,53.7214,25.4993,14.64,96,1,2.4,clear sky
700,San-Pedro,CI,4.7485,-6.6363,23.69,94,100,2.23,moderate rain
701,Mahasamund,IN,21.1,82.1,28.32,73,96,2.52,overcast clouds
702,Gamba,GA,-2.65,10.0,22.58,88,100,1.99,overcast clouds
703,Chernukha,RU,55.5974,43.7556,20.93,93,8,1.13,clear sky
704,Gbarnga,LR,6.9956,-9.4722,22.15,99,100,0.77,light rain
